{"cameraMode":{"drawMode":0,"name":"Shaded","section":"Shading Mode"},"sceneLighting":true,"audioPlay":false,"sceneViewState":{"m_AlwaysRefresh":false,"showFog":true,"showSkybox":true,"showFlares":true,"showImageEffects":true,"showParticleSystems":true,"showVisualEffectGraphs":true,"m_FxEnabled":true},"in2DMode":false,"pivot":{"x":-1.766906976699829,"y":0.13864129781723023,"z":-0.6541651487350464},"rotation":{"x":0.07898454368114472,"y":-0.887219250202179,"z":0.1655939519405365,"w":0.42333507537841799},"size":2.0089478492736818,"orthographic":false}