{"cameraMode":{"drawMode":0,"name":"Shaded","section":"Shading Mode"},"sceneLighting":false,"audioPlay":false,"sceneViewState":{"m_AlwaysRefresh":false,"showFog":true,"showSkybox":true,"showFlares":true,"showImageEffects":true,"showParticleSystems":true,"showVisualEffectGraphs":true,"m_FxEnabled":true},"in2DMode":false,"pivot":{"x":-3.2219178676605226,"y":19.59322166442871,"z":4.324608325958252},"rotation":{"x":0.009320377372205258,"y":0.7625243663787842,"z":-0.6468542814254761,"w":0.010980023071169854},"size":1.4071248769760132,"orthographic":false}