{"cameraMode":{"drawMode":0,"name":"Shaded","section":"Shading Mode"},"sceneLighting":false,"audioPlay":false,"sceneViewState":{"m_AlwaysRefresh":false,"showFog":true,"showSkybox":true,"showFlares":true,"showImageEffects":true,"showParticleSystems":true,"showVisualEffectGraphs":true,"m_FxEnabled":true},"in2DMode":false,"pivot":{"x":-15.06716537475586,"y":1.001607894897461,"z":0.16594785451889039},"rotation":{"x":0.3422583341598511,"y":-0.36293789744377139,"z":0.14538665115833283,"w":0.8543999791145325},"size":2.1039278507232668,"orthographic":false}